<?xml version="1.0" encoding="UTF-8"?>
<project-private xmlns="http://www.netbeans.org/ns/project-private/1">
    <editor-bookmarks xmlns="http://www.netbeans.org/ns/editor-bookmarks/2" lastBookmarkId="0"/>
    <open-files xmlns="http://www.netbeans.org/ns/projectui-open-files/2">
        <group>
            <file>file:/C:/Users/28082/OneDrive/Documentos/NetBeansProjects/Q/src/formularios/opciones.java</file>
            <file>file:/C:/Users/28082/OneDrive/Documentos/NetBeansProjects/Q/src/formularios/historial.java</file>
            <file>file:/C:/Users/28082/OneDrive/Documentos/NetBeansProjects/Q/src/formularios/menu.java</file>
            <file>file:/C:/Users/28082/OneDrive/Documentos/NetBeansProjects/Q/src/formularios/listas.java</file>
        </group>
    </open-files>
</project-private>
